country,gdp_per_capita,gdp_growth,inflation,unemployment,exports_gdp,life_expectancy,infant_mortality,fertility_rate,health_expenditure,physicians,literacy_rate,school_enrollment_secondary,school_enrollment_tertiary,electricity_access,renewable_energy,mobile_subscriptions,internet_users,control_corruption,government_effectiveness,population,urban_population,poverty_ratio
Afghanistan,,,-6.60118564073727,13.295,,66.035,50.4,4.84,,,,,,85.3,20.0,55.5475,,-1.15493178367615,-1.98701369762421,42647492,27.265,
Albania,18920.8942644729,3.96171911223713,2.21448953273292,10.25,36.1095621958381,79.602,8.3,1.348,,,,108.355392456055,81.9986267089844,100.0,,92.9973,,-0.332218527793884,0.250855356454849,2714617,65.38,
Algeria,15442.1244460542,3.29999999939609,4.04611455313438,11.427,,76.261,19.7,2.766,,,,105.164131811213,54.4283410150344,100.0,,111.606,,-0.589308321475983,-0.670135140419006,46814308,75.748,
American Samoa,,,,,,72.852,,2.286,,,,,,,0.4,,,1.25135612487793,0.654167771339417,46765,87.284,
Andorra,65928.3071971004,3.37182032638998,,,,84.041,2.5,1.082,7.92821121,,,101.923820495605,67.6767676767677,100.0,18.7,156.097,,1.25135612487793,1.4754387140274,81938,87.747,
Angola,7344.14537855393,4.42390452944746,28.2404948915773,14.464,37.8827428063986,64.617,38.3,5.124,,0.244,,,9.9549065722902,51.1,,70.052,,-0.60992020368576,-1.00890958309174,37885849,69.281,
Antigua and Barbuda,29561.807425139,4.32752145036402,6.19886698842119,,,77.598,7.3,1.578,,,,,,100.0,0.9,,,0.326792687177658,0.380410820245743,93772,24.338,
Argentina,26547.0503429365,-1.71910514722377,219.883929014578,7.876,15.3342337389676,77.395,8.2,1.5,,4.082,,,,100.0,,137.706,89.6672,-0.360883951187134,-0.377517342567444,45696159,92.579,38.1
Armenia,20078.7848984844,5.90000000046228,0.269511978259078,13.329,76.3471180026783,77.4658536585366,8.9,1.9,,,,90.9458714101262,52.7748065090859,100.0,,134.52,,0.0583996474742889,-0.184129968285561,3033500,63.929,
Aruba,,,,,,76.353,,1.602,,,,124.379366731084,14.0655418559377,100.0,8.8,,,0.709075331687927,0.795440852642059,107624,44.474,
Australia,60082.005786975,1.4311125201703,3.16161428305747,4.072,24.705209306537,83.0512195121951,3.1,1.5,,,,,,100.0,,112.513,,1.78120493888855,1.58987963199615,27204809,86.75,
Austria,63314.4627876454,-1.17354053552188,2.93791574279385,5.439,56.9234364188164,81.5414634146342,2.6,1.32,10.87779903,5.508,,,,100.0,,121.746,94.9197,1.1336532831192,1.32668149471283,9178482,59.819,
Azerbaijan,22072.1058327346,4.07140210544654,2.21217188919901,5.594,45.9025463640897,74.429,13.3,1.55,,,,91.1228035886648,41.3413783372226,100.0,,107.687,,-1.19547140598297,-0.0326422192156315,10202850,57.997,
"Bahamas, The",36244.0360489936,3.37850660746146,0.409162489083242,8.463,37.7835884998232,74.552,11.4,1.373,,,,79.4858750299258,,100.0,1.1,100.048,,1.26691007614136,0.270353257656097,401283,83.764,
Bahrain,59129.1406763003,3.01724839092739,0.919635459817729,1.102,,81.284,7.2,1.824,,,97.8199996948242,98.8139181413527,58.3677241853667,100.0,,153.9,100.0,0.177784815430641,0.697198748588562,1588670,89.999,
Bangladesh,8486.78495660517,4.22325911250161,10.4657482763412,4.68,10.4611880382843,74.672,24.4,2.163,,,,64.2997191043961,23.7295608009814,99.5,,114.355,,-1.12086641788483,-0.697334110736847,173562364,41.23,
Barbados,19945.7371938511,3.80000031896743,-0.462229168356189,7.529,,76.178,9.3,1.708,,2.965,,104.371182990274,53.5815662047086,100.0,5.5,,,1.34458589553833,0.380443245172501,282467,31.548,
Belarus,29037.5291400434,4.00984852465452,5.78531910427999,3.361,65.0639450286877,74.1837804878049,1.9,1.208,,,,94.7902702871216,70.1107509145358,100.0,,128.979,94.2618,-0.665028035640717,-0.991465747356415,9133712,81.125,
Belgium,63083.1843669076,1.01889862506124,3.14349136500037,5.488,79.2199111409925,82.3975609756098,3.0,1.47,,,,,,100.0,,103.196,95.7758,1.3368444442749,1.03702199459076,11876844,98.224,
Belize,13277.9352658254,8.15178982706797,3.28955985952764,7.0,,73.566,10.8,2.007,,,,86.4571583269413,24.8098643151325,99.6,30.8,,,-0.226113811135292,-0.376311779022217,417072,46.838,
Benin,3901.32588494392,7.45311566226201,1.16093089640415,1.722,18.84015691814,60.774,46.4,4.556,,0.195,,,,57.0,,116.036,,-0.0495794489979744,-0.218984127044678,14462724,50.669,
Bermuda,105322.911174674,2.10536882220231,,,56.3105498763947,82.309,,1.401,,,,,,100.0,0.9,,,1.25135612487793,1.20168173313141,64636,100.0,
Bhutan,,,2.76131569624095,2.856,,72.975,18.5,1.462,,0.552,,86.1810001963554,13.011259392916,100.0,82.5,95.6261,,1.53142273426056,0.566305339336395,791524,45.0,
Bolivia,9844.27685167629,1.38468278972252,5.09976568317427,3.091,,68.581,20.0,2.547,,,,,,99.8,,,,-0.838301062583923,-0.639481067657471,12413315,71.545,
Bosnia and Herzegovina,20429.7007276332,2.48004708382834,1.69212733599721,10.723,42.8209562840181,77.85,5.3,1.486,,,,,,100.0,,117.734,86.1009,-0.581560015678406,-0.967812538146973,3164253,50.708,
Botswana,18068.5050698005,-2.98986879467928,2.8183513167625,23.138,26.0469933952779,69.163,38.2,2.732,,0.378,,,21.4087908549348,76.0,,179.027,,0.685792088508606,0.430828422307968,2521139,73.49,
Brazil,19647.9096329925,3.39586645454844,4.36746407652335,7.634,18.0146799833275,75.848,12.5,1.619,,,94.8005123042056,,,99.8,,101.02,84.4635,-0.503643155097961,-0.546764314174652,211998573,88.016,
British Virgin Islands,,,,,,77.276,11.6,1.045,,,,75.5833129882812,29.5605306799337,100.0,1.3,,,,,39471,50.171,
Brunei Darussalam,79184.0920389224,4.20037273472056,-0.388674165036466,5.144,74.2982844367187,75.327,8.2,1.747,,,,,,100.0,,127.012,,1.27803611755371,1.4017870426178,462721,79.439,
Bulgaria,34085.1952950467,2.81082775188881,2.44651943006078,4.104,55.8071638055329,75.7073170731707,5.0,1.81,,4.896,,,,100.0,,117.933,82.439,-0.137721657752991,0.047112051397562,6444366,77.037,
Burkina Faso,2547.93264387899,4.98510300625183,4.19081721344524,5.166,28.4873274256098,61.092,44.8,4.186,,0.147,,29.9905774531085,10.0419678526515,21.7,71.4,,,-0.169615507125854,-0.826227486133575,23548781,33.166,
Burundi,835.620859248356,3.48923174838968,20.2124925027847,0.902,,63.651,31.5,4.878,,,,,,11.6,83.0,63.1631,,-1.55602598190308,-1.20011341571808,14047786,15.16,
Cabo Verde,9907.58847498474,7.27188147204411,1.04817001091962,11.878,41.8572771165211,76.059,11.0,1.522,,,88.4700012207031,,,98.6,21.8,113.023,,0.984857201576233,0.0136766647920012,524877,68.412,
Cambodia,7011.58146903476,6.01581457354608,,0.27,71.3635841655888,70.668,20.3,2.579,,,,58.7893230437643,21.4437426836662,95.0,,120.809,,-1.29921674728394,-0.305874288082123,17638801,26.035,
Cameroon,4919.14166939977,3.67074284680984,4.53061267315864,3.518,14.7371898543379,63.7,41.2,4.322,,0.135,,,16.6614294830602,72.0,,96.4817,,-1.16255974769592,-0.906262576580048,29123744,59.892,
Canada,56691.9070100503,1.5280811085284,2.38158383281171,6.45,32.4613353439237,81.6465853658537,4.4,1.26,11.22370815,2.497,,,,100.0,,94.1497,,1.67150104045868,1.51680326461792,41288599,81.98,
Cayman Islands,,,,,,80.358,,1.531,,,,84.7603098178773,,100.0,0.0,,,0.437594085931778,1.2372350692749,74457,100.0,
Central African Republic,1111.65331166746,1.53963247482849,1.47733600718747,5.899,15.4569738337124,57.408,60.4,6.012,,,,,,17.6,90.9,,,-1.31139302253723,-1.73500919342041,5330690,44.13,
Chad,2605.77164183974,3.65445110463405,8.89950732263755,1.088,28.1174400821559,55.069,58.7,6.12,,0.085,,23.49298947746,,12.0,70.0,70.1874,,-1.48240697383881,-1.4791487455368,20299123,24.691,
Channel Islands,,,,6.256,,81.1,,1.37,,,,,,100.0,,,,,,168126,31.257,
Chile,30182.7871224714,2.64431154871538,4.29763891572522,9.056,33.7233211746608,81.167,6.2,1.167,10.09532642,3.17,,,,100.0,,135.871,,0.968603789806366,0.71755576133728,19764771,88.116,
China,23845.6197217259,4.9773565917572,0.218128938439166,4.571,20.02291663623,77.953,4.5,0.999,,,,,76.8757843123403,100.0,,128.247,92.0,-0.00537010468542576,0.679014027118683,1408975000,65.544,
Colombia,18503.6706011465,1.7438014504116,6.60908593728228,9.608,15.97281920951,77.725,10.9,1.645,7.69168758,,95.3399963378906,,,98.7,,166.98,,-0.309191286563873,-0.075877919793129,52886363,82.652,31.8
Comoros,3567.51386511576,3.3887835062684,,3.875,9.91147670436021,66.777,35.7,3.878,,,,,,89.8,39.3,109.856,,-0.990109264850616,-1.53510224819183,866628,30.418,
"Congo, Dem. Rep.",1504.14374011806,6.67593028986779,,4.556,46.6217703807441,61.895,44.5,6.051,,0.187,,,,22.1,,53.1889,,-1.48051190376282,-1.68906629085541,109276265,48.055,
"Congo, Rep.",6181.47053293572,2.57966639535138,3.09143630919163,19.694,52.779644095169,65.772,27.6,4.157,,0.175,,,,51.3,,94.8715,,-1.34527885913849,-1.33428740501404,6332961,69.638,
Costa Rica,26973.4361581028,4.32122429647224,-0.412853001047083,7.848,38.5317940508727,80.799,9.2,1.33,,2.636,,,,100.0,,145.789,,0.653749406337738,0.260196477174759,5129910,83.167,20.3
Cote d'Ivoire,6733.15402382668,5.95000000002031,3.46637314660163,2.288,27.5981087233431,61.944,46.6,4.283,,0.175,,65.3065056618336,,72.4,,171.989,,-0.313007414340973,-0.359512031078339,31934230,53.644,
Croatia,42633.7666808329,3.81494521667429,2.97200477643622,5.236,49.7993080704898,78.4731707317073,3.9,1.46,,,,,,100.0,,117.113,83.6324,0.181928679347038,0.712653696537018,3866300,58.945,
Cuba,,,,1.53,,78.085,6.6,1.439,,,,91.7456844321038,43.1040700506779,100.0,,69.5768,,-0.0550908595323563,-0.475527822971344,10979783,77.657,
Curacao,,,,,,76.8,,1.2,,,,,,100.0,,93.7976,,,,155900,89.033,
Cyprus,53255.5234375,3.4480617042135,1.80023018624818,5.602,96.6913864500045,81.648,2.9,1.389,,,,,,100.0,,155.696,,0.332707405090332,0.73773992061615,1358282,67.082,
Czechia,47961.8095131483,1.12038462698665,2.43531202435312,2.506,69.2393597081089,79.8780487804878,2.1,1.45,8.53962803,,,,,100.0,,126.005,87.6878,0.767809867858887,1.1140114068985,10882164,74.738,
Denmark,73709.0018358619,3.67619734971929,1.37220049768919,5.587,69.7269725665829,81.8536585365854,3.0,1.5,9.41784573,,,,,100.0,,126.919,99.7692,2.37605309486389,2.01564884185791,5976992,88.626,
Djibouti,6841.16653163372,5.95382998854848,2.07655387954205,25.875,160.791630615753,65.987,44.4,2.609,,,,,,65.2,26.9,48.4505,,-0.780927419662476,-0.731475412845612,1168722,78.732,
Dominica,18739.3640404986,2.052738472526,2.58973869112059,,,71.132,33.1,1.484,,,,,,100.0,8.9,,,0.544514536857605,0.260825008153915,66205,72.312,
Dominican Republic,24229.4681222745,4.95169687182482,3.30223338951224,5.473,22.7679273981921,73.72,28.4,2.243,,2.235,94.0299987792969,76.3648403372637,57.6509476207267,99.6,,91.8676,91.0022,-0.449474930763245,0.12803441286087,11427557,85.011,19.0
Ecuador,13935.5391125402,-2.00125476341026,1.54732515615369,4.773,30.2786006784668,77.392,11.1,1.823,,,,,,98.7,,101.032,77.1727,-0.647337436676025,-0.494244992733002,18135478,65.029,28.0
"Egypt, Arab Rep.",16798.151577864,2.3991692678251,28.2705899322083,7.198,16.3762422101126,71.633,16.1,2.75,,,,84.8286031306453,37.5781274463676,100.0,,92.8262,,-0.747790396213531,-0.239516973495483,116538258,43.258,
El Salvador,11669.0817135644,2.60202016121069,0.853782292567271,2.839,32.7607043808335,72.099,9.2,1.775,,1.552,89.7699966430664,62.1425847697468,32.8347079463918,98.3,,179.706,,-0.561315059661865,0.0504390224814415,6338193,75.996,
Equatorial Guinea,15454.428493564,0.907248245986736,2.92140227309108,7.823,35.1642525721225,63.707,49.1,4.081,,0.143,,,,66.9,4.2,,,-1.57037270069122,-1.32034909725189,1892516,74.874,
Eritrea,,,,5.553,,68.624,25.5,3.713,,0.071,,,,54.4,,,,-1.47526490688324,-1.79375612735748,3535603,43.911,
Estonia,41546.1201868122,-0.261006210060856,3.52056053296582,7.828,76.2720927532628,78.490243902439,1.6,1.31,,,,,,100.0,,150.196,92.238,1.53812229633331,1.2634699344635,1371986,70.019,
Eswatini,10367.2682554184,2.64070461612,,34.4,,64.123,43.5,2.753,,1.591,,,,86.4,64.7,128.399,,-0.73498547077179,-0.884958326816559,1242822,25.013,
Ethiopia,2884.26460712345,7.31669112848382,21.0377460577711,3.398,5.55455331050366,67.315,35.7,3.989,,0.108,,,,55.4,,,,-0.465061634778976,-0.768662095069885,132059767,23.661,
Faroe Islands,,,,,,83.1439024390244,,1.8586,,,,,,100.0,7.9,,,,,54719,43.206,
Fiji,14104.4435804465,3.82899888724594,4.51138256524156,4.307,,67.316,23.8,2.281,3.57928777,,,98.0927630329298,75.0089752283697,99.3,28.4,,,0.50627201795578,0.490778684616089,928784,59.192,
Finland,55628.6815127631,-0.154214821070312,1.5656890623162,8.26,41.5511795390141,81.6853658536585,1.8,1.26,,,,,,100.0,,127.473,,2.22151660919189,1.73860657215118,5637214,85.872,
France,54464.9816695754,1.16613851497229,1.99904942291464,7.37,33.2440842472123,82.9292682926829,3.4,1.66,,,,,,100.0,,116.688,88.6538,1.18482184410095,1.14462625980377,68516699,82.044,
French Polynesia,,,,11.75,,84.07,,1.501,,,,,,100.0,7.0,118.778,,,,281807,62.42,
Gabon,18923.0900476678,3.38390760783467,1.17311998381216,20.061,65.2776666104055,68.337,26.5,3.647,,0.477,,,,94.1,,122.607,,-1.01552844047546,-0.779809296131134,2538952,91.307,
"Gambia, The",3030.97408356729,5.74671765535597,11.5610532897511,6.496,6.55130882364037,65.86,33.8,4.006,,,,,13.4765901565552,66.9,47.7,,,-0.281129717826843,-0.590593457221985,2759988,65.08,
Georgia,25000.6326416981,9.42857220157775,1.10971758022096,11.48,48.3647220910365,74.496,8.0,1.81,,5.613,99.6800003051758,100.959315536762,,100.0,,155.25,,0.617694795131683,0.791285872459412,3673850,61.162,9.4
Germany,62829.7960031194,-0.238526858256165,2.25649814338757,3.406,42.1002680442064,80.5414634146342,3.1,1.39,11.79903221,,,,,100.0,,124.663,93.5,1.66416621208191,1.18541669845581,83510950,77.895,
Ghana,7061.93402799185,5.68487260389836,22.8483281157842,3.007,35.2518734199692,65.498,28.2,3.397,,0.141,,,,89.5,,98.8059,,-0.0990211144089699,-0.092661589384079,34427414,59.854,
Gibraltar,,,,,,83.553,,1.888,,,,78.5279769897461,,100.0,,,,,,39329,100.0,
Greece,37752.6321172664,2.27173622615105,2.74149045788606,10.133,41.9794041507247,81.5365853658537,3.2,1.32,,,,,,100.0,,110.792,86.2697,0.0978469252586365,0.148003026843071,10388805,80.984,
Greenland,,,,,,71.549756097561,,1.769,,,,,,100.0,11.7,,,1.02827477455139,0.763896942138672,56836,88.149,
Grenada,17742.1755724633,3.69305932786197,1.08615365134744,,,75.205,16.7,1.487,,,,100.731679432948,,94.4,10.0,,,0.558168590068817,-0.0060560517013073,117207,37.267,
Guam,,,,5.586,,77.209,,2.781,,,,,,100.0,6.7,,,1.25135612487793,0.654167771339417,167777,95.24,
Guatemala,12640.8871117101,3.65186462898195,2.86992752918293,2.219,15.892871244063,72.602,17.9,2.311,,,82.1100006103516,49.5765804970836,,100.0,,113.709,,-1.12161290645599,-0.897167265415192,18406359,53.542,
Guinea,4028.48347380899,5.6685239347435,8.12313914948598,5.23,44.037786006639,60.74,61.5,4.217,,0.021,,,,51.1,66.6,,,-0.897673428058624,-0.907938599586487,14754785,38.517,
Guinea-Bissau,2685.6174278336,4.81348595188295,3.76555825770116,2.622,12.4757606373815,64.085,43.1,3.836,,0.208,,,,40.5,87.4,128.111,,-1.1783698797226,-1.43258428573608,2201352,45.893,
Guyana,70297.4030938909,43.3720094777132,2.90395226446371,10.165,,70.18,23.8,2.412,,,,91.4304496450171,26.4315792489043,98.9,12.1,,,-0.383745014667511,-0.294486999511719,831087,27.316,
Haiti,2800.66106636594,-4.16963395808132,26.9490564091987,15.058,3.40077493286271,64.936,40.3,2.656,,,,,,51.3,,,,-1.44387412071228,-2.22533392906189,11772557,60.472,
Honduras,6585.85535717861,3.55397003296669,4.60621098127105,6.061,33.5491009940495,72.884,13.3,2.5,,,88.25,51.7639813154374,,95.6,,74.4148,,-1.11195814609528,-0.795222759246826,10825703,60.818,62.9
"Hong Kong SAR, China",66171.3583247294,2.5411975388228,1.72972119105916,2.793,181.729012308179,85.2473170731707,,0.751,,,,107.160326941213,120.08978583196,100.0,,319.494,,1.62514543533325,1.55483567714691,7524100,100.0,
Hungary,40702.1535135968,0.512305790657138,3.70370370370367,4.434,74.6638285685979,76.7707317073171,3.2,1.51,6.3573041,,,,,100.0,,105.054,93.779,-0.000498130626510829,0.372758895158768,9562314,73.179,
Iceland,65645.094856754,0.516863121729386,5.85683849970069,3.107,41.5887486126167,82.6073170731707,1.9,1.59,8.99166012,4.524,,,,100.0,,123.382,,1.55130612850189,1.55512094497681,404610,94.094,
India,9817.07082097048,6.48422363033757,4.95303550973652,4.202,21.1781223210845,72.003,24.5,1.975,,,,78.1058073224606,34.4184659748952,99.5,,80.5632,,-0.366014748811722,0.47511014342308,1450935791,36.867,
Indonesia,14470.4372020578,5.03034469419038,2.18151273615187,3.3,22.18331286866,71.146,17.0,2.127,,0.69,,98.836444459078,,99.4,,125.238,72.7808,-0.48687219619751,0.58032637834549,283487931,59.204,9.0
"Iran, Islamic Rep.",16224.0353445835,3.0400003094751,32.455871402917,9.192,22.8953163711569,77.654,10.7,1.695,,,,,,100.0,,166.28,,-1.23189043998718,-1.02239692211151,91567738,77.698,
Iraq,12725.0431260393,-1.54525198318304,-12.2969837587007,15.524,37.5074937454157,72.324,20.8,3.249,,1.012,,,,100.0,,101.389,,-1.32103753089905,-1.38960635662079,46042015,71.853,
Ireland,115337.166701374,1.22133429898928,2.11344999577319,4.369,147.576831386831,82.8609756097561,3.4,1.5,,,,,,100.0,,110.798,,1.5752888917923,1.59114551544189,5380257,64.76,
Isle of Man,,,,,,80.999,,1.548,,,,,,100.0,2.7,,,,,84160,53.708,
Israel,47338.8424624205,0.871968424377442,3.0748088980503,3.15,28.4347615877701,83.1951219512195,2.7,2.85,,3.713,,,,100.0,,153.337,88.1824,0.829359412193298,1.1453697681427,9974400,92.946,
Italy,53115.1350996573,0.725792380234424,0.98237302306138,6.778,32.7328584456689,83.7,2.3,1.2,8.51808929,4.248,,,,100.0,,131.872,89.2207,0.550129175186157,0.611036896705627,58986023,72.292,
Jamaica,10259.9951095504,-0.718806911772319,5.4119444798166,4.885,,71.479,18.3,1.358,,,,,,97.7,,115.092,,-0.112082988023758,0.407290458679199,2839175,57.762,
Japan,46097.4299773012,0.0836985643852159,2.73853681635243,2.563,,84.0412195121951,1.8,1.2,,,,,,100.0,,178.432,,1.3956606388092,1.63126504421234,123975371,92.134,
Jordan,9520.25064497454,2.48889409603647,1.55659611283951,17.996,42.6120551194793,77.814,12.2,2.639,,,,91.7518621587381,35.9184001120427,100.0,,67.5457,,0.0886586904525757,0.386213511228561,11552876,92.206,
Kazakhstan,35905.4414938905,4.80000000000022,8.83943897452672,4.794,,74.402,7.6,3.012,,,,97.198884231219,53.4564204414133,100.0,,127.115,93.3917,-0.26659306883812,0.146814674139023,20592571,58.387,5.0
Kenya,5823.40759464391,4.49649828461209,4.48978854243448,5.434,11.1366868668462,63.646,34.7,3.208,,0.102,,,10.4185962462804,76.2,,120.612,34.9762,-0.770913004875183,-0.303605198860168,56432944,30.049,
Kiribati,3257.13634647411,5.26689926385046,,,6.27095072369876,66.473,39.7,3.147,,,,90.2786712646484,4.96087980270386,95.9,41.9,51.2541,,0.411750495433807,-0.096573106944561,134518,58.448,
"Korea, Dem. People's Rep.",,,,2.859,,73.642,14.5,1.78,,,,,,57.5,,,,-1.58447635173798,-1.48409974575043,26498823,63.503,
"Korea, Rep.",,,2.32174328643543,2.604,,83.4292682926829,2.3,0.721,9.88014412,,,,,100.0,,162.114,97.8956,0.894088566303253,1.40480732917786,51751065,81.498,
Kosovo,16380.8685901944,4.41273828755084,1.61944994559479,,41.9207502862577,78.033,8.3,1.545,,,,,,,,,,-0.185286059975624,-0.0800606161355972,1527324,,
Kuwait,45426.9453957872,-2.56011113294544,2.89855072463763,2.144,,83.1878048780488,7.6,1.524,,,,,,100.0,,167.684,,0.206611827015877,0.0075402706861496,4973861,100.0,
Kyrgyz Republic,7046.31027413488,9.04013556120012,,3.289,,72.2487804878049,14.9,2.7,,,,91.339996215143,53.1743590503791,100.0,,108.591,,-1.22109532356262,-0.890727877616882,7224614,38.166,25.7
Lao PDR,8610.90166279666,4.25825724651581,23.1305695942589,1.218,,68.964,35.2,2.421,,,,51.8523602531839,,96.5,49.2,64.7588,,-0.973836362361908,-0.6432785987854,7769819,38.906,
Latvia,38936.0453870454,-0.44249112634327,1.26579885828729,6.72,64.6217028148455,75.6780487804878,2.5,1.36,,,,,,100.0,,119.91,92.7076,0.698113977909088,0.696560978889465,1862441,68.815,
Lebanon,,,45.2430422716718,,,77.817,16.0,2.239,,,,63.7923011779785,,100.0,,,,-1.22706246376038,-1.58038187026978,5805962,89.603,
Lesotho,2637.91651023395,2.76223818532688,6.10544624245031,16.147,,57.375,55.4,2.694,,0.151,90.4499969482422,,,57.3,34.9,69.3513,,-0.509478509426117,-0.953606307506561,2337423,30.897,
Liberia,1658.2599942501,4.79291482156812,8.21497439118963,2.882,,62.163,52.6,3.95,,0.18,,,,32.5,92.8,,,-0.888349294662476,-1.35536432266235,5612817,54.077,
Libya,12275.9104976538,-0.605832526910618,2.12615766885024,18.615,74.8273178195231,69.339,15.9,2.355,,,,,,73.2,,,,-1.52501881122589,-1.63588905334473,7381023,81.907,
Liechtenstein,,,,,,84.8414634146342,,1.45,,,,,,100.0,56.9,127.059,,1.71017241477966,1.62781953811646,40197,14.707,
Lithuania,47169.0084190287,2.77263124530285,0.715735835228697,7.504,74.1139807545184,76.9878048780488,2.8,1.18,7.29381466,5.127,,,,100.0,,137.204,,0.781545519828796,1.05012118816376,2888055,68.936,
Luxembourg,128181.703344823,1.03161671348924,2.05113269954858,5.935,215.502405357575,83.3585365853659,2.0,1.25,5.78284121,,,,,100.0,,144.475,98.7606,1.92665910720825,1.91421329975128,677717,92.266,
"Macao SAR, China",112843.96274393,8.80815968461638,,2.437,89.7521534090064,83.1804878048781,,0.586,,,,94.6616766467066,141.864795918367,100.0,11.0,192.478,,0.849051773548126,1.08997046947479,687000,100.0,
Madagascar,1657.0497062251,4.19999999998224,,3.012,23.6250395964955,63.632,44.2,3.972,,,,,,39.4,83.1,75.4563,,-1.00018215179443,-1.02277612686157,31964956,41.231,
Malawi,1635.85689673716,1.82685000010194,32.1796504225026,5.045,,67.353,29.4,3.648,,0.049,,,,15.6,62.9,61.0866,,-0.602811515331268,-0.859506547451019,21655286,18.598,
Malaysia,34071.9449554711,5.11415547829091,1.834100204499,3.826,71.3546178043924,76.657,6.8,1.55,,,,80.2757406864183,38.5013945445142,100.0,,142.732,98.0206,0.295621365308762,0.875369668006897,35557673,79.201,
Maldives,23351.0538990332,5.13396223082093,1.39979779674922,4.636,,81.041,5.0,1.575,,,,,,100.0,1.2,141.601,,-0.396943330764771,-0.127973482012749,527799,42.407,
Mali,2910.81542295398,5.00454593743036,3.20639864099661,3.06,22.5172135935628,60.439,57.6,5.614,,0.195,,,,54.5,71.1,,,-0.861831545829773,-1.13859808444977,24478595,46.934,43.3
Malta,60473.2580715114,5.96928196125685,1.65079469283108,2.703,123.466079204708,83.5073170731707,4.8,1.06,,,,,,100.0,,140.594,,0.10974658280611,0.397335052490234,574346,95.006,
Marshall Islands,7212.33432756108,2.77096802231969,,,,66.945,23.5,2.919,,,,85.7558642960298,37.6853053112652,100.0,12.2,,,0.411750495433807,0.069975346326828,37548,79.208,
Mauritania,6396.99125827366,5.2,2.49164347481971,10.373,,68.484,31.0,4.697,,0.236,,,,50.3,19.6,90.7725,,-0.822652637958527,-0.763598620891571,5169395,58.458,
Mauritius,27317.185283655,4.69390318398504,3.60452203847959,5.476,46.2060061842776,73.4121951219512,13.5,1.39,,1.197,,90.7246586359898,45.7771156388358,100.0,,165.258,,0.453197360038757,0.710137605667114,1259509,40.944,
Mexico,22033.2744496619,1.4540624784799,4.72225588452935,2.711,36.7857440701926,75.069,10.8,1.91,,,95.7654716766416,,,99.7,,111.562,,-1.02057874202728,-0.198361441493034,130861007,81.862,29.6
"Micronesia, Fed. Sts.",3823.60411002339,0.719083511742554,,,27.4698992778408,67.198,20.8,2.748,,,,,,86.9,2.0,,,0.783704280853271,0.232347309589386,113160,23.555,
Moldova,16465.9286876097,0.103059412450989,4.67773516007053,1.434,31.4135471152499,71.198,13.5,1.731,,,,99.3439166347193,74.7109378669046,100.0,,130.772,,-0.28033846616745,-0.164951995015144,2389275,43.599,
Monaco,,,,,,86.372,2.3,2.11,,,,158.546615600586,77.4806900024414,100.0,,104.061,,1.25135612487793,2.02295255661011,38631,100.0,
Mongolia,16801.3067931352,4.86400143355705,6.20567819137862,5.424,69.1382654428279,72.1224390243902,11.4,2.7,,,,,69.044059753418,100.0,,141.085,,-0.492604404687881,-0.47153577208519,3524788,69.263,
Montenegro,27853.6429505921,3.04031579750065,3.3367500928228,14.1,44.8732439316754,77.5878048780488,2.1,1.74,,2.752,,,,100.0,,207.238,88.8826,-0.0793098732829094,0.247063115239143,623831,68.84,
Morocco,9065.9140625,3.23651373521014,0.985256592004508,8.943,43.2859081528275,75.313,15.5,2.23,,,,89.9834863018408,48.1839617510572,100.0,,148.155,,-0.536348581314087,-0.0359151102602482,38081173,65.643,
Mozambique,1495.3224081402,1.85177502474457,4.07856834812022,3.527,42.7340803038039,63.611,45.4,4.763,,0.082,,,,36.0,,,,-0.828437745571136,-0.716628909111023,34631766,39.326,
Myanmar,5276.29433987853,-0.97204641363362,,3.032,,66.889,34.1,2.115,,,,,,76.8,,121.028,,-1.21649932861328,-1.75280201435089,54500091,32.47,
Namibia,10281.3356370344,3.71154497416239,4.23903922877039,19.148,41.6438674740671,67.385,38.4,3.212,,0.543,,81.9566828199727,,56.7,,87.6761,,0.110072031617165,0.0308966562151909,3030131,55.795,
Nauru,12604.062534187,1.76025162233491,,,39.4762621359081,62.109,8.3,3.331,,,,91.5133521769495,,100.0,1.9,,,0.58861643075943,-0.0678080692887306,11947,100.0,
Nepal,5046.81592972946,3.66537430744968,,10.706,7.62189857137715,70.354,23.3,1.984,,,,90.3878462155916,21.2915596292014,94.0,,,,-0.50792795419693,-0.807803750038147,29651054,22.366,
Netherlands,70901.8384173158,0.979674921515965,3.3475430421995,3.599,84.1345895257536,81.9146341463415,3.5,1.43,,,,,,100.0,,117.352,,1.86710047721863,1.62553191184998,17994237,93.453,
New Caledonia,,,,11.15,,78.766,,1.98,,,,,,100.0,9.6,,,,,292639,73.106,
New Zealand,48162.8610868634,-0.126462418567272,2.92279782301955,4.869,,83.0048780487805,4.0,1.56,,3.574,,,,100.0,,126.855,,2.08409547805786,1.5299768447876,5338500,87.091,
Nicaragua,7661.60202722818,3.5878302292345,4.62473841057143,4.574,40.4630624895997,74.947,10.3,2.218,,,,,,88.3,,105.843,,-1.38844013214111,-1.08494555950165,6916140,60.155,
Niger,1772.72451186128,8.42159789525454,9.07151997725012,0.355,31.1539601091784,61.183,67.4,6.061,,0.023,,19.8664761204349,,20.1,,65.735,,-0.563843965530396,-0.640915930271149,27032412,17.232,
Nigeria,5665.45157716197,3.42643947135149,33.2420966545405,2.989,,54.462,60.1,4.482,,0.394,70.4100036621094,,,61.2,,98.4773,,-1.04097437858582,-0.847906708717346,232679478,55.03,
North Macedonia,24465.3919306751,2.75624917338976,3.48974086026954,13.417,62.6777180012752,75.3160975609756,2.8,1.5,,,,,,100.0,,104.837,,-0.34861546754837,-0.0513173453509808,1792179,59.868,
Northern Mariana Islands,,,,,,78.808,,2.348,,,,,,100.0,0.5,,,,,44278,92.171,
Norway,91108.2369704645,2.10045327837291,3.14530134431072,3.97,47.5575282596141,83.1121951219512,1.9,1.4,,,,,,100.0,,,,2.11352157592773,1.79993534088135,5572272,84.318,
Oman,36654.2311606123,1.67407663008134,0.593589236248421,3.161,,80.031,8.4,2.525,,2.058,,,,100.0,,135.218,95.2517,0.215157955884933,0.274613231420517,5281538,88.998,
Pakistan,5530.99612925916,3.23478443210148,12.6325318530452,5.472,10.4027532753085,67.649,50.1,3.605,,,,48.2805022055997,10.8564126844434,95.6,,76.5398,,-0.999357461929321,-0.577790379524231,251269164,38.365,
Palau,,,2.23172772921704,,,69.269,19.1,1.907,,,,,,100.0,0.9,135.387,,0.58861643075943,0.442303985357285,17695,82.839,
Panama,36426.007943645,2.86166663523247,0.693225551004513,6.518,,79.594,10.6,2.119,,,96.256135181795,,,97.0,,156.587,,-0.62809419631958,-0.209720730781555,4515577,69.888,
Papua New Guinea,4300.72597086628,4.09502900203009,0.602403921107926,2.741,,66.134,32.0,3.099,,,,,,20.5,54.6,34.0589,,-0.657154023647308,-0.802389979362488,10576502,13.88,
Paraguay,16296.2836189267,4.24996010464042,3.83540271728534,6.093,37.2016814689888,73.844,15.1,2.422,,3.882,94.8600006103516,79.1305613911018,,99.8,,126.605,81.5781,-1.05772292613983,-0.462065368890762,6929153,63.489,20.1
Peru,15661.7497711956,3.30394098171516,2.00770739412715,4.828,28.5375908830267,77.74,13.5,1.98,,1.621,93.6600036621094,,,96.2,,121.975,81.9571,-0.721040904521942,-0.491872787475586,34217848,79.139,27.6
Philippines,10375.9404179938,5.69201612823412,3.21260487006343,2.153,25.7734411549927,69.833,22.1,1.916,5.10629606,,,85.2945085684493,47.4134996154186,98.0,,117.276,,-0.537639975547791,0.154091909527779,115843670,48.614,
Poland,45112.5993993196,2.9233880806669,3.78426007512869,2.472,52.3289523696531,78.5073170731707,3.7,1.158,7.00451565,,,,,100.0,,135.146,88.585,0.565399944782257,0.421437799930573,36554707,60.33,13.3
Portugal,41883.8514202164,1.92844406043977,2.41613187791876,6.384,46.4796504104344,82.2804878048781,2.6,1.44,10.00331116,,,,,100.0,,123.002,88.487,0.696312069892883,0.987550020217896,10701636,68.423,
Puerto Rico (US),44124.5409552385,3.22670542229149,,5.472,51.9448671543171,81.69,,0.92,,,,81.4824139700154,,100.0,2.5,124.513,,0.0196014605462551,-0.389062345027924,3203295,93.664,
Qatar,110945.880494642,2.76841433597697,1.26734310292379,0.126,,82.368,4.9,1.729,,,,,,100.0,,157.821,,0.702209830284119,1.19741261005402,2857822,99.387,
Romania,40610.7541380693,0.81368720348209,5.72140574354435,5.379,35.5961962558882,76.6073170731707,5.4,1.71,,,,,,100.0,,123.252,91.2905,0.0404953435063362,-0.0926659479737282,19069340,54.88,
Russian Federation,41704.7109375,4.34437475491529,,2.527,21.91660028345,73.2546341463415,3.7,1.41,,,,,60.3891235376867,100.0,,180.842,94.365,-1.10467827320099,-0.712461888790131,143533851,75.548,
Rwanda,3264.64451474392,8.89065529573114,1.77029240198634,11.994,30.8220804418076,67.785,30.5,3.698,,,,48.790277194547,9.41173924647801,63.9,79.9,91.4623,,0.671653091907501,0.388362646102905,14256567,18.081,
Samoa,6894.88985532565,9.42235044158694,2.17245530514378,4.551,29.3155087694974,71.698,12.8,3.829,,,,,,100.0,35.9,,,0.727086067199707,0.492577105760574,218019,17.42,
San Marino,,,1.24216507945573,,,85.706,1.4,1.149,,,,60.3746397694525,57.5487465181059,100.0,,,,1.25135612487793,1.20168173313141,33977,97.932,
Sao Tome and Principe,5480.43526105768,0.900000598992492,14.3519273571008,9.17,,69.718,9.4,3.644,,,,,,81.3,42.5,63.4541,,0.360224694013596,-0.90243524312973,235536,77.014,
Saudi Arabia,62676.6979803733,1.80795515147298,1.68792112375813,3.896,29.1640961338684,78.732,4.9,2.28,,3.077,97.9300003051758,110.66346516974,83.884129573915,100.0,,157.775,100.0,0.536042988300323,0.796441078186035,35300280,85.171,
Senegal,4495.89489345838,6.89200740291385,0.804503298792415,2.992,28.0565616042404,68.683,30.2,3.818,,0.126,,,15.3302400879779,74.2,,123.912,,0.0578322261571884,0.0696751922369003,18501984,50.08,
Serbia,26886.0087460398,3.87801279597191,4.67052974889971,7.39,52.6925515136692,76.2209756097561,4.5,1.61,,,,,,100.0,,128.471,87.6907,-0.447204262018204,0.00763431889936328,6587202,57.371,
Seychelles,29241.7758048825,3.46568066415341,0.311726050919631,,85.1683361715703,74.9585365853659,13.1,2.02,,3.819,,70.824577331543,14.5342502593994,100.0,1.9,184.904,,1.62884771823883,0.624744176864624,121354,59.242,
Sierra Leone,3092.8305770948,4.00000002570113,28.6337500014115,3.126,20.9398351534473,61.786,56.2,3.791,,0.043,,,,35.5,71.6,,,-0.574557840824127,-1.1555837392807,8642022,44.779,
Singapore,132569.525225795,4.38802362461865,2.38951123595021,3.182,178.776286814392,82.8951219512195,1.7,0.97,,,,,,100.0,,173.2,94.3776,2.04018402099609,2.31747198104858,6036860,100.0,
Sint Maarten (Dutch part),45821.8077205674,3.49999999999999,,,,76.371,,1.447,,,,,,100.0,0.0,,,,,43350,100.0,
Slovak Republic,40346.5748138478,2.06167771773576,2.75760909424273,5.234,85.2230052577423,78.0170731707317,5.1,1.49,,,,,,100.0,,138.233,89.8251,0.292565286159515,0.229512304067612,5422069,54.172,
Slovenia,48495.889687081,1.59101479921402,1.96562656432507,3.357,81.5346691267021,81.9780487804878,1.8,1.51,9.41330814,,,,,100.0,,129.228,90.7636,0.776647090911865,1.03929400444031,2126324,56.438,
Solomon Islands,2527.07485921558,2.53934191702432,4.32183948388033,1.47,,70.528,16.5,3.557,,,,,,81.3,50.1,,,-0.134710744023323,-0.733603537082672,819198,26.488,
"Somalia, Fed. Rep.",1408.27829822017,3.97232080866033,,18.861,20.0191554288892,58.816,67.8,6.132,,,,,,50.3,95.4,53.958,,-1.73283362388611,-1.98020255565643,19009151,48.519,
South Africa,13598.7888656984,0.579853692303914,4.36115246518963,33.168,31.8498451859901,66.139,24.4,2.216,,,91.1500015258789,,,87.7,,171.509,,-0.284670442342758,-0.256946682929993,64007187,69.298,
South Sudan,,,91.4408220769045,,,57.617,72.6,3.864,,,,122.120628356934,,5.4,,46.6152,,-1.96955537796021,-2.32788825035095,11943408,21.56,
Spain,48373.0455699185,3.15019564517223,2.77417826534775,11.394,37.2927827939586,83.8829268292683,2.6,1.12,,,,,,100.0,,127.715,95.7575,0.629368722438812,0.752065539360046,48807137,81.802,
Sri Lanka,13752.836740386,5.00871930957159,-0.42936004906972,4.996,19.8863207168995,77.483,5.3,1.974,,,,,,100.0,,142.277,,-0.383976995944977,-0.25227889418602,21916000,19.416,
St. Kitts and Nevis,31270.6888200244,1.1664402290746,1.09538753034508,,,72.145,14.3,1.505,,,,,,100.0,1.5,118.893,,0.413433611392975,0.380410820245743,46843,31.221,
St. Lucia,24252.4688588491,3.89175024218898,-0.110283575834663,10.928,,72.697,14.3,1.379,,,,87.8672424011515,,100.0,9.7,,,0.54412841796875,0.0738346204161644,179744,19.306,
St. Martin (French part),,,,,,80.224,,2.718,,,,,,100.0,,,,,,26129,,
St. Vincent and the Grenadines,18714.198849353,4.06183490050209,3.62770736940929,18.056,,71.23,9.9,1.775,,,,,,100.0,5.1,101.631,,0.737308144569397,0.0738346204161644,100616,54.725,
Sudan,1871.58911132813,-13.4932920592869,,,1.1931023933208,66.331,39.2,4.323,,,,,,66.0,,,,-1.50206708908081,-1.97706210613251,50448963,36.752,
Suriname,19413.2971787064,2.83958602846054,16.2296159130279,7.325,,73.631,15.2,2.249,,,,,,99.6,,157.246,,-0.404351592063904,-0.967238128185272,634431,66.533,
Sweden,63258.9079924002,0.973832212948594,2.8358165822403,8.528,54.601308444525,83.309756097561,2.0,1.45,10.88682365,,,,,100.0,,140.266,95.5293,2.0282461643219,1.60138332843781,10569709,88.976,
Switzerland,82026.4087304591,1.30233332541106,1.06234041976597,4.11,72.1589447667905,84.0560975609756,3.5,1.33,,,,,,100.0,,128.64,,2.02199912071228,2.13492703437805,9034102,74.327,
Syrian Arab Republic,,,,12.962,,72.12,19.0,2.712,,,,38.736930847168,,88.4,,72.4406,,-1.7502247095108,-1.78816211223602,24672760,58.044,
Tajikistan,4755.93296704719,8.39999980983981,,11.635,,71.79,22.9,3.072,,,,86.9035257819264,35.6398418742497,100.0,,,,-1.37873339653015,-0.772318005561829,10590927,28.523,19.8
Tanzania,3713.26293945313,5.5263138305945,3.05694676312369,2.576,19.830482870244,66.995,29.9,4.606,,0.133,,,4.01880979537964,48.3,,105.4,,-0.319897323846817,-0.455080926418304,68560157,38.136,
Thailand,21737.1779720129,2.52596175771495,1.3658054079804,0.693,70.0638885497948,76.412,8.0,1.212,,,,92.507325535959,44.9845744019321,100.0,,168.643,90.8672,-0.489050775766373,0.171705812215805,71668011,54.32,
Timor-Leste,4186.21470887981,-2.18912155633342,2.06284153005467,1.603,,67.689,35.9,2.707,,,,,,100.0,11.4,112.647,,-0.22670416533947,-0.841954410076141,1400638,32.842,
Togo,2849.60384966171,5.30000531416641,2.862620740898,1.94,24.3831729285804,62.739,35.9,4.192,,0.083,,,,59.2,,75.7907,,-0.619174957275391,-0.578052043914795,9515236,45.064,
Tonga,,,3.18364611260053,2.192,,72.895,8.0,3.129,,,,92.4258049730721,,100.0,2.3,,,-0.308315753936768,-0.115239478647709,104175,23.21,
Trinidad and Tobago,31689.7318842923,1.65060334585279,0.526884625776817,4.546,,73.49,17.2,1.532,,,,,,98.7,,134.231,,-0.374148547649384,-0.0436432547867298,1368333,53.562,
Tunisia,12713.5498473821,1.35065253490181,7.20661657168791,16.203,48.4349714546975,76.508,10.6,1.832,,,,,,100.0,,134.136,,-0.341899782419205,-0.300515085458755,12277109,70.88,
Turkiye,35294.3936777926,3.18402435479221,58.5064507300342,8.449,28.045069179622,77.156,9.1,1.51,,,,,,100.0,,105.684,87.3079,-0.50248908996582,-0.247911587357521,85518661,77.893,
Turkmenistan,17953.8457867577,2.26411722659043,,4.304,,70.073,31.2,2.69,,,,94.6464126735365,20.4250351701637,100.0,,,,-1.42362427711487,-1.2064995765686,7494498,54.524,
Turks and Caicos Islands,33390.5267148059,5.63682517443362,,,,78.008,4.0,1.463,,,,119.728975687525,,100.0,0.8,,,,,46535,94.433,
Tuvalu,,,,,,67.105,17.1,3.208,,,,90.6571654790182,,100.0,5.2,,,0.646379947662354,-0.449751287698746,9646,66.928,
Uganda,2881.8659466843,6.13645201846398,3.32338067086562,2.941,16.9052124080191,68.252,27.6,4.283,,0.168,,,,51.5,90.9,76.2967,8.94983,-1.04257476329803,-0.549508571624756,50015092,27.389,
Ukraine,16319.8447265625,2.91382221470535,6.50198464669252,,29.4102139813249,73.422,7.8,0.977,,,,,85.2667604023424,100.0,,122.758,,-0.686146318912506,-0.357320100069046,37860221,70.284,
United Arab Emirates,68584.65491599,3.76161544553149,1.66336510224892,2.133,,82.909,4.0,1.2,,,98.8099975585938,102.129724902444,63.7384451086316,100.0,,199.424,100.0,1.07366383075714,1.60428190231323,10876981,88.008,
United Kingdom,52517.9848574945,1.10066786639271,3.27157294635921,4.111,30.6377190511784,81.2380975609756,4.0,1.56,10.872015,3.174,,,,100.0,,122.796,,1.48091387748718,1.16114270687103,69226000,84.884,
United States,75491.6084348903,2.79619035621393,2.94952520485207,4.106,10.8968750610333,78.3853658536585,5.5,1.6165,,,,,,100.0,,112.411,,1.12343263626099,1.21720099449158,340110988,83.515,
Uruguay,32038.7727288227,3.10825478066172,4.84914366613156,8.401,28.7607719167193,78.138,5.5,1.409,,4.63,98.9100036621094,,,100.0,,141.719,91.9911,1.57394731044769,0.850249707698822,3386588,95.852,17.3
Uzbekistan,10450.2051402852,6.49999999997677,9.62825465956682,4.488,22.7657914961328,72.388,12.7,3.5,,,,96.8399222342106,56.517478700865,100.0,,106.885,,-0.807529330253601,-0.283767521381378,36361859,50.626,8.9
Vanuatu,3169.23242933515,3.96725830607052,,5.064,,71.477,14.2,3.596,,,,,,61.6,25.0,89.2943,,-0.0148651544004679,-0.568605482578278,327777,26.147,
"Venezuela, RB",,,,5.475,,72.514,21.5,2.079,,,,97.7908172607422,,100.0,,70.2197,,-1.69000518321991,-1.599200963974,28405543,88.505,
Viet Nam,14415.2159532813,7.09118746633975,3.62109273885847,1.431,,74.588,14.0,1.913,,,,,37.5923642016718,99.8,,130.991,84.15,-0.415814280509949,0.126466900110245,100987686,40.195,
Virgin Islands (U.S.),,,,12.014,,80.519512195122,,1.98,,,,,,100.0,5.9,,,-0.018456656485796,0.654167771339417,104377,96.314,
West Bank and Gaza,3845.50297375419,-26.5575264529877,53.6691458303782,,21.0398873905084,65.17,14.3,3.311,,,97.9449803653341,,,100.0,15.4,76.6919,,-0.676133513450623,-1.20955741405487,5289152,77.877,
"Yemen, Rep.",,,,17.086,,69.295,34.7,4.59,,,,,,83.6,,50.8938,,-1.64893329143524,-2.27542042732239,40583164,40.477,
Zambia,3716.037353331,4.0431482994443,14.9856262747939,5.961,,66.349,30.9,4.101,,0.262,,56.7889289855957,,51.1,,102.062,,-0.477706879377365,-0.658970057964325,21314956,46.914,
Zimbabwe,3450.12970768715,2.02948414337123,,8.554,22.1056774617631,62.775,40.6,3.724,,0.166,,,7.74912957845971,62.0,,91.6344,,-1.26121604442596,-1.17033493518829,16634373,32.67,
